<?xml version="1.0" encoding="UTF-8"?><metadata xmlns="http://www.demandware.com/xml/impex/metadata/2006-10-31">
    <type-extension type-id="Profile">
        <custom-attribute-definitions>
            <attribute-definition attribute-id="interestApparel">
                <display-name xml:lang="x-default">Interest Apparel</display-name>
                <type>boolean</type>
                <mandatory-flag>false</mandatory-flag>
                <externally-managed-flag>false</externally-managed-flag>
            </attribute-definition>
            <attribute-definition attribute-id="interestElectronics">
                <display-name xml:lang="x-default">Interest Electronics</display-name>
                <type>boolean</type>
                <mandatory-flag>false</mandatory-flag>
                <externally-managed-flag>false</externally-managed-flag>
            </attribute-definition>
            <attribute-definition attribute-id="newsletter">
                <display-name xml:lang="x-default">Newletter</display-name>
                <type>boolean</type>
                <mandatory-flag>false</mandatory-flag>
                <externally-managed-flag>false</externally-managed-flag>
            </attribute-definition>
        </custom-attribute-definitions>
        <group-definitions>
            <attribute-group group-id="preferences">
                <display-name xml:lang="x-default">Customer Preferences</display-name>
                <attribute attribute-id="newsletter"/>
                <attribute attribute-id="interestApparel"/>
                <attribute attribute-id="interestElectronics"/>
            </attribute-group>
        </group-definitions>
    </type-extension>
</metadata>
