<?xml version="1.0" encoding="UTF-8" ?>
<?demandware-pipeline version="2.0"?>

<pipeline type="view">
  <branch basename="Start">
    <segment>
      <node>
        <start-node call-mode="public" name="Start" secure="true"/>
        <node-display x="1" y="0"/>
      </node>
      <simple-transition/>
      <node>
        <call-node start-name-ref="Account-RequireLogin"/>
        <node-display x="0" y="1"/>
      </node>
      <simple-transition/>
      <node>
        <pipelet-node pipelet-name="ClearFormElement" pipelet-set-identifier="bc_api">
          <key-binding alias="CurrentForms.preferences" key="FormElement"/>
        </pipelet-node>
        <node-display x="0" y="1"/>
      </node>
      <simple-transition/>
      <node>
        <pipelet-node pipelet-name="UpdateFormWithObject" pipelet-set-identifier="bc_api">
          <config-property key="Clear" value="false"/>
          <key-binding alias="CurrentForms.preferences" key="Form"/>
          <key-binding alias="CurrentCustomer.profile" key="Object"/>
        </pipelet-node>
        <node-display x="0" y="1"/>
      </node>
      <simple-transition/>
      <node>
        <interaction-continue-node secure="true" start-name="SubmitPreferences" transaction-required="false">
          <template buffered="true" dynamic="false" name="editpreferences"/>
        </interaction-continue-node>
        <node-display x="0" y="1"/>
        <branch basename="b2" source-connector="apply">
          <transition target-connector="in">
            <transition-display>
              <bend-point relative-to="source" x="0" y="1"/>
            </transition-display>
          </transition>
          <segment>
            <node>
              <pipelet-node pipelet-name="UpdateObjectWithForm" pipelet-set-identifier="bc_api">
                <key-binding alias="CurrentForms.preferences" key="Form"/>
                <key-binding alias="CurrentCustomer.profile" key="Object"/>
              </pipelet-node>
              <node-display x="0" y="1"/>
            </node>
            <simple-transition>
              <transition-display>
                <bend-point relative-to="source" x="0" y="1"/>
              </transition-display>
            </simple-transition>
            <node>
              <jump-node start-name-ref="Account-Show"/>
              <node-display x="0" y="1"/>
            </node>
          </segment>
        </branch>
      </node>
    </segment>
  </branch>
</pipeline>
