<?xml version="1.0" encoding="UTF-8" ?>
<?demandware-pipeline version="2.0"?>

<pipeline type="view">
  <branch basename="Start">
    <segment>
      <node>
        <start-node name="Start" secure="false"/>
        <node-display x="1" y="0"/>
      </node>
      <simple-transition/>
      <node>
        <call-node start-name-ref="CallP-CheckValue"/>
        <node-display x="0" y="1"/>
        <branch basename="b2" source-connector="empty">
          <transition target-connector="in"/>
          <segment>
            <node>
              <interaction-node transaction-required="false">
                <template buffered="true" dynamic="false" name="call/empty"/>
              </interaction-node>
              <node-display x="1" y="2"/>
            </node>
          </segment>
        </branch>
        <branch basename="b3" source-connector="notEmpty">
          <transition target-connector="in"/>
          <segment>
            <node>
              <interaction-node transaction-required="false">
                <template buffered="true" dynamic="false" name="call/notempty"/>
              </interaction-node>
              <node-display x="0" y="2"/>
            </node>
          </segment>
        </branch>
      </node>
    </segment>
  </branch>
  <branch basename="CheckValue">
    <segment>
      <node>
        <start-node call-mode="private" name="CheckValue" secure="false"/>
        <node-display x="3" y="0"/>
      </node>
      <simple-transition>
        <transition-display>
          <bend-point relative-to="source" x="0" y="1"/>
        </transition-display>
      </simple-transition>
      <node>
        <decision-node condition-key="CurrentHttpParameterMap.param.stringValue" condition-operator="expr"/>
        <node-display x="0" y="1"/>
        <branch basename="b2" source-connector="yes">
          <transition target-connector="in">
            <transition-display>
              <bend-point relative-to="source" x="0" y="1"/>
            </transition-display>
          </transition>
          <segment>
            <node>
              <end-node name="notEmpty"/>
              <node-display x="0" y="1"/>
            </node>
          </segment>
        </branch>
      </node>
      <simple-transition>
        <transition-display>
          <bend-point relative-to="source" x="2" y="0"/>
          <bend-point relative-to="target" x="0" y="-1"/>
        </transition-display>
      </simple-transition>
      <node>
        <end-node name="empty"/>
        <node-display x="1" y="1"/>
      </node>
    </segment>
  </branch>
</pipeline>
