<?xml version="1.0" encoding="UTF-8" ?>
<?demandware-pipeline version="2.0"?>

<pipeline type="view">
  <branch basename="Start">
    <segment>
      <node>
        <start-node call-mode="private" name="Start" secure="true"/>
        <node-display x="2" y="1"/>
      </node>
      <simple-transition>
        <transition-display>
          <bend-point relative-to="target" x="0" y="-1"/>
        </transition-display>
      </simple-transition>
      <node>
        <interaction-node transaction-required="false">
          <template buffered="true" dynamic="false" name="hello"/>
        </interaction-node>
        <node-display x="0" y="2"/>
      </node>
    </segment>
  </branch>
  <branch basename="_ANONYMOUS_BRANCH_2">
    <segment>
      <node>
        <decision-node condition-operator="expr"/>
        <node-display x="0" y="2"/>
      </node>
      <transition target-connector="in" target-path="./+1">
        <transition-display>
          <bend-point relative-to="source" x="1" y="0"/>
        </transition-display>
      </transition>
    </segment>
    <segment>
      <node>
        <loop-node/>
        <node-display orientation="horizontal" x="1" y="0"/>
      </node>
    </segment>
  </branch>
</pipeline>
