<?xml version="1.0" encoding="UTF-8" ?>
<?demandware-pipeline version="2.0"?>

<pipeline type="view">
  <branch basename="Start">
    <segment>
      <node>
        <start-node call-mode="private" name="Start" secure="false"/>
        <node-display x="1" y="0"/>
      </node>
      <simple-transition/>
      <node>
        <pipelet-node pipelet-name="ClearFormElement" pipelet-set-identifier="bc_api">
          <key-binding alias="CurrentForms.newsletter" key="FormElement"/>
        </pipelet-node>
        <node-display x="0" y="1"/>
      </node>
      <transition target-connector="in1" target-path="./+1"/>
    </segment>
    <segment>
      <node>
        <join-node/>
        <node-display x="0" y="1"/>
      </node>
      <simple-transition/>
      <node>
        <interaction-continue-node secure="false" start-name="NewsletterForm" transaction-required="false">
          <template buffered="true" dynamic="false" name="newsletter/newslettersignup"/>
        </interaction-continue-node>
        <node-display x="0" y="1"/>
        <branch basename="b2" source-connector="subscribe">
          <transition target-connector="in" transaction-control="begin">
            <transition-display>
              <bend-point relative-to="target" x="0" y="-1"/>
            </transition-display>
          </transition>
          <segment>
            <node>
              <pipelet-node pipelet-name="CreateCustomObject" pipelet-set-identifier="bc_api">
                <config-property key="CustomObjectType" value="NewsletterSubscription"/>
                <key-binding alias="CurrentForms.newsletter.email.value" key="Key"/>
                <key-binding alias="Subscription" key="CustomObject"/>
              </pipelet-node>
              <node-display x="0" y="2"/>
              <branch basename="b2" source-connector="error">
                <transition target-connector="in" transaction-control="rollback">
                  <transition-display>
                    <bend-point relative-to="source" x="1" y="0"/>
                  </transition-display>
                </transition>
                <segment>
                  <node>
                    <pipelet-node pipelet-name="InvalidateFormElement" pipelet-set-identifier="bc_api">
                      <key-binding alias="CurrentForms.newsletter.email" key="FormElement"/>
                    </pipelet-node>
                    <node-display orientation="horizontal" x="1" y="0"/>
                  </node>
                  <transition target-connector="in1" target-path="../..">
                    <transition-display>
                      <bend-point relative-to="source" x="1" y="0"/>
                      <bend-point relative-to="target" x="3" y="0"/>
                    </transition-display>
                  </transition>
                </segment>
              </branch>
            </node>
            <simple-transition/>
            <node>
              <pipelet-node pipelet-name="UpdateObjectWithForm" pipelet-set-identifier="bc_api">
                <key-binding alias="CurrentForms.newsletter" key="Form"/>
                <key-binding alias="Subscription" key="Object"/>
              </pipelet-node>
              <node-display x="0" y="1"/>
              <branch basename="b3" source-connector="error">
                <transition target-connector="in2"/>
                <segment>
                  <node>
                    <join-node/>
                    <node-display x="2" y="0"/>
                  </node>
                  <simple-transition transaction-control="rollback"/>
                  <node>
                    <interaction-node transaction-required="false">
                      <template buffered="true" dynamic="false" name="newsletter/newslettererror"/>
                    </interaction-node>
                    <node-display x="0" y="1"/>
                  </node>
                </segment>
              </branch>
            </node>
            <simple-transition transaction-control="commit"/>
            <node>
              <interaction-node transaction-required="false">
                <template buffered="true" dynamic="false" name="newsletter/newslettersuccessV2"/>
              </interaction-node>
              <node-display x="0" y="1"/>
            </node>
          </segment>
        </branch>
      </node>
      <transition target-connector="in1" target-path="./+1"/>
    </segment>
    <segment>
      <node>
        <join-node/>
        <node-display x="-1" y="-1"/>
      </node>
      <transition target-connector="in2" target-path="./-1"/>
    </segment>
  </branch>
</pipeline>
