<?xml version="1.0" encoding="UTF-8" ?>
<?demandware-pipeline version="2.0"?>

<pipeline group="Test" type="view">
  <branch basename="Http">
    <segment>
      <node>
        <start-node name="Http" secure="false"/>
        <node-display x="2" y="1"/>
      </node>
      <simple-transition/>
      <node>
        <pipelet-node pipelet-name="Assign" pipelet-set-identifier="bc_api">
          <config-property key="Transactional" value="false"/>
          <key-binding alias="CurrentHttpParameterMap.mainmenuname.value" key="From_0"/>
          <key-binding alias="mainmenuname" key="To_0"/>
          <key-binding alias="CurrentHttpParameterMap.CurrentMenuItemId.value" key="From_1"/>
          <key-binding alias="CurrentMenuItemId" key="To_1"/>
          <key-binding alias="null" key="From_2"/>
          <key-binding alias="null" key="To_2"/>
          <key-binding alias="null" key="From_3"/>
          <key-binding alias="null" key="To_3"/>
          <key-binding alias="null" key="From_4"/>
          <key-binding alias="null" key="To_4"/>
          <key-binding alias="null" key="From_5"/>
          <key-binding alias="null" key="To_5"/>
          <key-binding alias="null" key="From_6"/>
          <key-binding alias="null" key="To_6"/>
          <key-binding alias="null" key="From_7"/>
          <key-binding alias="null" key="To_7"/>
          <key-binding alias="null" key="From_8"/>
          <key-binding alias="null" key="To_8"/>
          <key-binding alias="null" key="From_9"/>
          <key-binding alias="null" key="To_9"/>
        </pipelet-node>
        <node-display x="0" y="1"/>
      </node>
      <transition target-connector="in1" target-path="./+1"/>
    </segment>
    <segment>
      <node>
        <join-node/>
        <node-display x="0" y="1"/>
      </node>
      <simple-transition>
        <transition-display>
          <bend-point relative-to="source" x="0" y="1"/>
        </transition-display>
      </simple-transition>
      <node>
        <interaction-continue-node secure="false" start-name="GetURI" transaction-required="false">
          <template buffered="true" dynamic="false" name="browseremote/geturi"/>
        </interaction-continue-node>
        <node-display x="0" y="1"/>
      </node>
      <simple-transition/>
      <node>
        <pipelet-node pipelet-name="Script" pipelet-set-identifier="bc_api">
          <config-property key="Transactional" value="false"/>
          <config-property key="OnError" value="PIPELET_ERROR"/>
          <config-property key="ScriptFile" value="browseremote/ExecuteURL.ds"/>
          <key-binding alias="ScriptLog" key="ScriptLog"/>
          <key-binding alias="RawData" key="RawData"/>
          <key-binding alias="CurrentForms.browseremote.http.url.value" key="URL"/>
          <key-binding alias="H" key="HEaders"/>
          <key-binding alias="ResponseHeaders" key="ResponseHeaders"/>
          <key-binding alias="RequestStatus" key="RequestStatus"/>
          <key-binding alias="Status" key="Status"/>
        </pipelet-node>
        <node-display x="0" y="1"/>
        <branch basename="b2" source-connector="error">
          <transition target-connector="in1" target-path="./+1">
            <transition-display>
              <bend-point relative-to="source" x="1" y="0"/>
              <bend-point relative-to="target" x="1" y="0"/>
            </transition-display>
          </transition>
        </branch>
      </node>
      <transition target-connector="in1" target-path="./+1"/>
    </segment>
    <segment>
      <node>
        <join-node/>
        <node-display x="0" y="1"/>
      </node>
      <transition target-connector="in2" target-path="./-1">
        <transition-display>
          <bend-point relative-to="source" x="2" y="0"/>
          <bend-point relative-to="target" x="2" y="0"/>
        </transition-display>
      </transition>
    </segment>
  </branch>
</pipeline>
