<?xml version="1.0" encoding="UTF-8" ?>
<?demandware-pipeline version="2.0"?>

<pipeline group="Test" type="view">
  <branch basename="_ANONYMOUS_BRANCH_1">
    <segment>
      <node>
        <text-node>
          <description>Performs local file operations</description>
        </text-node>
        <node-display width="2" x="1" y="0"/>
      </node>
    </segment>
  </branch>
  <branch basename="LocalFileOperations">
    <segment>
      <node>
        <start-node name="LocalFileOperations" secure="false"/>
        <node-display x="1" y="1"/>
      </node>
      <simple-transition/>
      <node>
        <pipelet-node pipelet-name="Script" pipelet-set-identifier="bc_api">
          <config-property key="Transactional" value="false"/>
          <config-property key="OnError" value="PIPELET_ERROR"/>
          <config-property key="ScriptFile" value="browseremote/PerformLocalFileOperation.ds"/>
          <config-property key="Timeout" value="590"/>
          <key-binding alias="ScriptLog" key="ScriptLog"/>
          <key-binding alias="CurrentHttpParameterMap.operation.value" key="Action"/>
          <key-binding alias="Status" key="Status"/>
          <key-binding alias="CurrentHttpParameterMap.context.value" key="Context"/>
          <key-binding alias="CurrentHttpParameterMap.filePath.value" key="FilePath"/>
          <key-binding alias="CurrentHttpParameterMap.catalogID.value" key="CatalogID"/>
          <key-binding alias="CurrentHttpParameterMap.siteID.value" key="SiteID"/>
          <key-binding alias="CurrentHttpParameterMap.newDirectoryName.value" key="NewDirectoryName"/>
        </pipelet-node>
        <node-display x="0" y="1"/>
        <branch basename="b2" source-connector="error">
          <transition target-connector="in2" target-path="./+1">
            <transition-display>
              <bend-point relative-to="source" x="2" y="0"/>
            </transition-display>
          </transition>
        </branch>
      </node>
      <simple-transition/>
      <node>
        <decision-node condition-key="empty(Status) || !Status.error" condition-operator="expr"/>
        <node-display x="0" y="1"/>
        <branch basename="b3" source-connector="yes">
          <transition target-connector="in"/>
          <segment>
            <node>
              <interaction-node transaction-required="false">
                <template buffered="true" dynamic="false" name="tfd/jsonok.isml"/>
              </interaction-node>
              <node-display x="0" y="1"/>
            </node>
          </segment>
        </branch>
      </node>
      <transition target-connector="in1" target-path="./+1"/>
    </segment>
    <segment>
      <node>
        <join-node/>
        <node-display x="1" y="0"/>
      </node>
      <simple-transition/>
      <node>
        <interaction-node transaction-required="false">
          <template buffered="true" dynamic="false" name="tfd/jsonerror.isml"/>
        </interaction-node>
        <node-display x="0" y="1"/>
      </node>
    </segment>
  </branch>
  <branch basename="_ANONYMOUS_BRANCH_3">
    <segment>
      <node>
        <text-node>
          <description>Performs remote file operations</description>
        </text-node>
        <node-display width="2" x="4" y="0"/>
      </node>
    </segment>
  </branch>
  <branch basename="_ANONYMOUS_BRANCH_4">
    <segment>
      <node>
        <text-node>
          <description>Copies remote files to local file system</description>
        </text-node>
        <node-display width="2" x="7" y="0"/>
      </node>
    </segment>
  </branch>
  <branch basename="RemoteFileOperations">
    <segment>
      <node>
        <start-node name="RemoteFileOperations" secure="false"/>
        <node-display x="4" y="1"/>
      </node>
      <simple-transition/>
      <node>
        <pipelet-node pipelet-name="Script" pipelet-set-identifier="bc_api">
          <config-property key="Transactional" value="false"/>
          <config-property key="OnError" value="PIPELET_ERROR"/>
          <config-property key="ScriptFile" value="browseremote/PerformRemoteFileOperation.ds"/>
          <config-property key="Timeout" value="590"/>
          <key-binding alias="ScriptLog" key="ScriptLog"/>
          <key-binding alias="Status" key="Status"/>
          <key-binding alias="CurrentHttpParameterMap.operation.value" key="Action"/>
          <key-binding alias="CurrentHttpParameterMap.password.value" key="Password"/>
          <key-binding alias="CurrentHttpParameterMap.path.value" key="PATH"/>
          <key-binding alias="CurrentHttpParameterMap.url.value" key="URL"/>
          <key-binding alias="CurrentHttpParameterMap.user.value" key="User"/>
        </pipelet-node>
        <node-display x="0" y="1"/>
        <branch basename="b2" source-connector="error">
          <transition target-connector="in1" target-path="./+1">
            <transition-display>
              <bend-point relative-to="source" x="2" y="0"/>
            </transition-display>
          </transition>
        </branch>
      </node>
      <simple-transition/>
      <node>
        <decision-node condition-key="empty(Status) || !Status.error" condition-operator="expr"/>
        <node-display x="0" y="1"/>
        <branch basename="b3" source-connector="yes">
          <transition target-connector="in"/>
          <segment>
            <node>
              <interaction-node transaction-required="false">
                <template buffered="true" dynamic="false" name="tfd/jsonok.isml"/>
              </interaction-node>
              <node-display x="0" y="1"/>
            </node>
          </segment>
        </branch>
      </node>
      <transition target-connector="in1" target-path="./+1"/>
    </segment>
    <segment>
      <node>
        <join-node/>
        <node-display x="1" y="0"/>
      </node>
      <simple-transition/>
      <node>
        <interaction-node transaction-required="false">
          <template buffered="true" dynamic="false" name="tfd/jsonerror.isml"/>
        </interaction-node>
        <node-display x="0" y="1"/>
      </node>
    </segment>
  </branch>
  <branch basename="Copy">
    <segment>
      <node>
        <start-node name="Copy" secure="false"/>
        <node-display x="7" y="1"/>
      </node>
      <simple-transition>
        <transition-display>
          <bend-point relative-to="source" x="0" y="1"/>
        </transition-display>
      </simple-transition>
      <node>
        <pipelet-node pipelet-name="Script" pipelet-set-identifier="bc_api">
          <config-property key="Transactional" value="false"/>
          <config-property key="OnError" value="PIPELET_ERROR"/>
          <config-property key="ScriptFile" value="browseremote/CopyData.ds"/>
          <key-binding alias="ScriptLog" key="ScriptLog"/>
          <key-binding alias="Status" key="Status"/>
          <key-binding alias="CurrentHttpParameterMap.operation.value" key="Action"/>
          <key-binding alias="CurrentHttpParameterMap.password.value" key="Password"/>
          <key-binding alias="CurrentHttpParameterMap.path.value" key="PATH"/>
          <key-binding alias="CurrentHttpParameterMap.url.value" key="URL"/>
          <key-binding alias="CurrentHttpParameterMap.user.value" key="User"/>
          <key-binding alias="CurrentHttpParameterMap.catalogID.value" key="CatalogID"/>
          <key-binding alias="CurrentHttpParameterMap.context.value" key="Context"/>
          <key-binding alias="CurrentHttpParameterMap.filePath.value" key="FilePath"/>
          <key-binding alias="CurrentHttpParameterMap.siteID.value" key="SiteID"/>
        </pipelet-node>
        <node-display x="0" y="1"/>
        <branch basename="b2" source-connector="error">
          <transition target-connector="in1" target-path="./+1">
            <transition-display>
              <bend-point relative-to="source" x="2" y="0"/>
            </transition-display>
          </transition>
        </branch>
      </node>
      <simple-transition/>
      <node>
        <decision-node condition-key="empty(Status) || !Status.error" condition-operator="expr"/>
        <node-display x="0" y="1"/>
        <branch basename="b3" source-connector="yes">
          <transition target-connector="in">
            <transition-display>
              <bend-point relative-to="source" x="0" y="1"/>
            </transition-display>
          </transition>
          <segment>
            <node>
              <interaction-node transaction-required="false">
                <template buffered="true" dynamic="false" name="tfd/jsonok.isml"/>
              </interaction-node>
              <node-display x="0" y="1"/>
            </node>
          </segment>
        </branch>
      </node>
      <transition target-connector="in1" target-path="./+1"/>
    </segment>
    <segment>
      <node>
        <join-node/>
        <node-display x="1" y="0"/>
      </node>
      <simple-transition>
        <transition-display>
          <bend-point relative-to="source" x="0" y="1"/>
        </transition-display>
      </simple-transition>
      <node>
        <interaction-node transaction-required="false">
          <template buffered="true" dynamic="false" name="tfd/jsonerror.isml"/>
        </interaction-node>
        <node-display x="0" y="1"/>
      </node>
    </segment>
  </branch>
  <branch basename="_ANONYMOUS_BRANCH_7">
    <segment>
      <node>
        <text-node>
          <description>Copies local files to remote file system</description>
        </text-node>
        <node-display width="2" x="10" y="0"/>
      </node>
    </segment>
  </branch>
  <branch basename="CopyLocalToRemote">
    <segment>
      <node>
        <start-node name="CopyLocalToRemote" secure="false"/>
        <node-display x="10" y="1"/>
      </node>
      <simple-transition>
        <transition-display>
          <bend-point relative-to="source" x="0" y="1"/>
        </transition-display>
      </simple-transition>
      <node>
        <pipelet-node pipelet-name="Script" pipelet-set-identifier="bc_api">
          <config-property key="Transactional" value="false"/>
          <config-property key="OnError" value="PIPELET_ERROR"/>
          <config-property key="ScriptFile" value="browseremote/PerformRemoteFileOperation.ds"/>
          <key-binding alias="ScriptLog" key="ScriptLog"/>
          <key-binding alias="Status" key="Status"/>
          <key-binding alias="CurrentHttpParameterMap.operation.value" key="Action"/>
          <key-binding alias="CurrentHttpParameterMap.password.value" key="Password"/>
          <key-binding alias="CurrentHttpParameterMap.path.value" key="PATH"/>
          <key-binding alias="CurrentHttpParameterMap.url.value" key="URL"/>
          <key-binding alias="CurrentHttpParameterMap.user.value" key="User"/>
        </pipelet-node>
        <node-display x="0" y="1"/>
        <branch basename="b2" source-connector="error">
          <transition target-connector="in1" target-path="./+1">
            <transition-display>
              <bend-point relative-to="source" x="2" y="0"/>
            </transition-display>
          </transition>
        </branch>
      </node>
      <simple-transition/>
      <node>
        <decision-node condition-key="empty(Status) || !Status.error" condition-operator="expr"/>
        <node-display x="0" y="1"/>
        <branch basename="b3" source-connector="yes">
          <transition target-connector="in">
            <transition-display>
              <bend-point relative-to="source" x="0" y="1"/>
            </transition-display>
          </transition>
          <segment>
            <node>
              <interaction-node transaction-required="false">
                <template buffered="true" dynamic="false" name="tfd/jsonok.isml"/>
              </interaction-node>
              <node-display x="0" y="1"/>
            </node>
          </segment>
        </branch>
      </node>
      <transition target-connector="in1" target-path="./+1"/>
    </segment>
    <segment>
      <node>
        <join-node/>
        <node-display x="1" y="0"/>
      </node>
      <simple-transition>
        <transition-display>
          <bend-point relative-to="source" x="0" y="1"/>
        </transition-display>
      </simple-transition>
      <node>
        <interaction-node transaction-required="false">
          <template buffered="true" dynamic="false" name="tfd/jsonerror.isml"/>
        </interaction-node>
        <node-display x="0" y="1"/>
      </node>
    </segment>
  </branch>
  <branch basename="_ANONYMOUS_BRANCH_9">
    <segment>
      <node>
        <text-node>
          <description>Copies local files to remote file system</description>
        </text-node>
        <node-display width="2" x="14" y="0"/>
      </node>
    </segment>
  </branch>
  <branch basename="UploadFileToLocaleFS">
    <segment>
      <node>
        <start-node name="UploadFileToLocaleFS" secure="false"/>
        <node-display x="14" y="1"/>
      </node>
      <simple-transition/>
      <node>
        <pipelet-node pipelet-name="Script" pipelet-set-identifier="bc_api">
          <config-property key="Transactional" value="false"/>
          <config-property key="OnError" value="PIPELET_ERROR"/>
          <config-property key="ScriptFile" value="browseremote/SaveUploadedFile.ds"/>
          <key-binding alias="ScriptLog" key="ScriptLog"/>
          <key-binding alias="CurrentHttpParameterMap" key="CurrentHttpParameterMap"/>
        </pipelet-node>
        <node-display x="0" y="1"/>
        <branch basename="b2" source-connector="error">
          <transition target-connector="in1" target-path="./+1">
            <transition-display>
              <bend-point relative-to="source" x="2" y="0"/>
            </transition-display>
          </transition>
        </branch>
      </node>
      <simple-transition/>
      <node>
        <decision-node condition-key="empty(Status) || !Status.error" condition-operator="expr"/>
        <node-display x="0" y="1"/>
        <branch basename="b3" source-connector="yes">
          <transition target-connector="in">
            <transition-display>
              <bend-point relative-to="source" x="0" y="1"/>
            </transition-display>
          </transition>
          <segment>
            <node>
              <interaction-node transaction-required="false">
                <template buffered="true" dynamic="false" name="tfd/jsonok.isml"/>
              </interaction-node>
              <node-display x="0" y="1"/>
            </node>
          </segment>
        </branch>
      </node>
      <transition target-connector="in1" target-path="./+1"/>
    </segment>
    <segment>
      <node>
        <join-node/>
        <node-display x="1" y="0"/>
      </node>
      <simple-transition>
        <transition-display>
          <bend-point relative-to="source" x="0" y="1"/>
        </transition-display>
      </simple-transition>
      <node>
        <interaction-node transaction-required="false">
          <template buffered="true" dynamic="false" name="tfd/jsonerror.isml"/>
        </interaction-node>
        <node-display x="0" y="1"/>
      </node>
    </segment>
  </branch>
  <branch basename="Error">
    <segment>
      <node>
        <start-node name="Error" secure="false"/>
        <node-display x="18" y="1"/>
      </node>
      <simple-transition>
        <transition-display>
          <bend-point relative-to="source" x="0" y="1"/>
        </transition-display>
      </simple-transition>
      <node>
        <interaction-node transaction-required="false">
          <template buffered="true" dynamic="false" name="tfd/jsonerror.isml"/>
        </interaction-node>
        <node-display x="0" y="1"/>
      </node>
    </segment>
  </branch>
</pipeline>
